[
 {
   "firstName": "firstName201",
   "lastName": "lastName201",
   "dateOfBirth": "5/11/93",
   "experience": 6
 },
 {
   "firstName": "firstName202",
   "lastName": "lastName202",
   "dateOfBirth": "12/25/92",
   "experience": 7
 },
 {
   "firstName": "firstName203",
   "lastName": "lastName203",
   "dateOfBirth": "8/24/93",
   "experience": 4
 },
 {
   "firstName": "firstName204",
   "lastName": "lastName204",
   "dateOfBirth": "5/22/93",
   "experience": 6
 },
 {
   "firstName": "firstName205",
   "lastName": "lastName205",
   "dateOfBirth": "11/25/92",
   "experience": 9
 },
 {
   "firstName": "firstName206",
   "lastName": "lastName206",
   "dateOfBirth": "9/23/92",
   "experience": 3
 },
 {
   "firstName": "firstName207",
   "lastName": "lastName207",
   "dateOfBirth": "5/9/93",
   "experience": 2
 },
 {
   "firstName": "firstName208",
   "lastName": "lastName208",
   "dateOfBirth": "6/8/93",
   "experience": 8
 },
 {
   "firstName": "firstName209",
   "lastName": "lastName209",
   "dateOfBirth": "11/20/92",
   "experience": 9
 },
 {
   "firstName": "firstName210",
   "lastName": "lastName210",
   "dateOfBirth": "5/25/93",
   "experience": 2
 },
 {
   "firstName": "firstName211",
   "lastName": "lastName211",
   "dateOfBirth": "4/29/93",
   "experience": 9
 },
 {
   "firstName": "firstName212",
   "lastName": "lastName212",
   "dateOfBirth": "11/25/92",
   "experience": 2
 },
 {
   "firstName": "firstName213",
   "lastName": "lastName213",
   "dateOfBirth": "3/22/93",
   "experience": 8
 },
 {
   "firstName": "firstName214",
   "lastName": "lastName214",
   "dateOfBirth": "5/9/93",
   "experience": 9
 },
 {
   "firstName": "firstName215",
   "lastName": "lastName215",
   "dateOfBirth": "6/2/93",
   "experience": 9
 },
 {
   "firstName": "firstName216",
   "lastName": "lastName216",
   "dateOfBirth": "10/21/92",
   "experience": 2
 },
 {
   "firstName": "firstName217",
   "lastName": "lastName217",
   "dateOfBirth": "7/3/93",
   "experience": 1
 },
 {
   "firstName": "firstName218",
   "lastName": "lastName218",
   "dateOfBirth": "9/17/93",
   "experience": 4
 },
 {
   "firstName": "firstName219",
   "lastName": "lastName219",
   "dateOfBirth": "3/15/93",
   "experience": 9
 },
 {
   "firstName": "firstName220",
   "lastName": "lastName220",
   "dateOfBirth": "11/24/92",
   "experience": 3
 },
 {
   "firstName": "firstName221",
   "lastName": "lastName221",
   "dateOfBirth": "6/19/93",
   "experience": 6
 },
 {
   "firstName": "firstName222",
   "lastName": "lastName222",
   "dateOfBirth": "10/8/92",
   "experience": 8
 },
 {
   "firstName": "firstName223",
   "lastName": "lastName223",
   "dateOfBirth": "5/5/93",
   "experience": 3
 },
 {
   "firstName": "firstName224",
   "lastName": "lastName224",
   "dateOfBirth": "11/24/92",
   "experience": 3
 },
 {
   "firstName": "firstName225",
   "lastName": "lastName225",
   "dateOfBirth": "12/1/92",
   "experience": 9
 },
 {
   "firstName": "firstName226",
   "lastName": "lastName226",
   "dateOfBirth": "12/3/92",
   "experience": 6
 },
 {
   "firstName": "firstName227",
   "lastName": "lastName227",
   "dateOfBirth": "6/28/93",
   "experience": 9
 },
 {
   "firstName": "firstName228",
   "lastName": "lastName228",
   "dateOfBirth": "9/9/93",
   "experience": 2
 },
 {
   "firstName": "firstName229",
   "lastName": "lastName229",
   "dateOfBirth": "11/17/92",
   "experience": 6
 },
 {
   "firstName": "firstName230",
   "lastName": "lastName230",
   "dateOfBirth": "8/28/93",
   "experience": 5
 },
 {
   "firstName": "firstName231",
   "lastName": "lastName231",
   "dateOfBirth": "6/24/93",
   "experience": 3
 },
 {
   "firstName": "firstName232",
   "lastName": "lastName232",
   "dateOfBirth": "4/6/93",
   "experience": 8
 },
 {
   "firstName": "firstName233",
   "lastName": "lastName233",
   "dateOfBirth": "6/11/93",
   "experience": 7
 },
 {
   "firstName": "firstName234",
   "lastName": "lastName234",
   "dateOfBirth": "11/11/92",
   "experience": 9
 },
 {
   "firstName": "firstName235",
   "lastName": "lastName235",
   "dateOfBirth": "7/2/93",
   "experience": 9
 },
 {
   "firstName": "firstName236",
   "lastName": "lastName236",
   "dateOfBirth": "10/27/92",
   "experience": 1
 },
 {
   "firstName": "firstName237",
   "lastName": "lastName237",
   "dateOfBirth": "8/21/93",
   "experience": 6
 },
 {
   "firstName": "firstName238",
   "lastName": "lastName238",
   "dateOfBirth": "11/6/92",
   "experience": 1
 },
 {
   "firstName": "firstName239",
   "lastName": "lastName239",
   "dateOfBirth": "2/14/93",
   "experience": 8
 },
 {
   "firstName": "firstName240",
   "lastName": "lastName240",
   "dateOfBirth": "5/10/93",
   "experience": 1
 },
 {
   "firstName": "firstName241",
   "lastName": "lastName241",
   "dateOfBirth": "3/1/93",
   "experience": 1
 },
 {
   "firstName": "firstName242",
   "lastName": "lastName242",
   "dateOfBirth": "5/24/93",
   "experience": 7
 },
 {
   "firstName": "firstName243",
   "lastName": "lastName243",
   "dateOfBirth": "4/19/93",
   "experience": 9
 },
 {
   "firstName": "firstName244",
   "lastName": "lastName244",
   "dateOfBirth": "7/25/93",
   "experience": 9
 },
 {
   "firstName": "firstName245",
   "lastName": "lastName245",
   "dateOfBirth": "9/17/93",
   "experience": 9
 },
 {
   "firstName": "firstName246",
   "lastName": "lastName246",
   "dateOfBirth": "12/26/92",
   "experience": 8
 },
 {
   "firstName": "firstName247",
   "lastName": "lastName247",
   "dateOfBirth": "5/27/93",
   "experience": 3
 },
 {
   "firstName": "firstName248",
   "lastName": "lastName248",
   "dateOfBirth": "6/15/93",
   "experience": 6
 },
 {
   "firstName": "firstName249",
   "lastName": "lastName249",
   "dateOfBirth": "4/24/93",
   "experience": 4
 },
 {
   "firstName": "firstName250",
   "lastName": "lastName250",
   "dateOfBirth": "5/5/93",
   "experience": 8
 },
 {
   "firstName": "firstName251",
   "lastName": "lastName251",
   "dateOfBirth": "1/4/93",
   "experience": 5
 },
 {
   "firstName": "firstName252",
   "lastName": "lastName252",
   "dateOfBirth": "2/24/93",
   "experience": 5
 },
 {
   "firstName": "firstName253",
   "lastName": "lastName253",
   "dateOfBirth": "4/10/93",
   "experience": 7
 },
 {
   "firstName": "firstName254",
   "lastName": "lastName254",
   "dateOfBirth": "6/28/93",
   "experience": 4
 },
 {
   "firstName": "firstName255",
   "lastName": "lastName255",
   "dateOfBirth": "11/22/92",
   "experience": 3
 },
 {
   "firstName": "firstName256",
   "lastName": "lastName256",
   "dateOfBirth": "3/10/93",
   "experience": 8
 },
 {
   "firstName": "firstName257",
   "lastName": "lastName257",
   "dateOfBirth": "5/26/93",
   "experience": 1
 },
 {
   "firstName": "firstName258",
   "lastName": "lastName258",
   "dateOfBirth": "9/4/93",
   "experience": 3
 },
 {
   "firstName": "firstName259",
   "lastName": "lastName259",
   "dateOfBirth": "7/30/93",
   "experience": 6
 },
 {
   "firstName": "firstName260",
   "lastName": "lastName260",
   "dateOfBirth": "9/10/93",
   "experience": 1
 },
 {
   "firstName": "firstName261",
   "lastName": "lastName261",
   "dateOfBirth": "6/28/93",
   "experience": 5
 },
 {
   "firstName": "firstName262",
   "lastName": "lastName262",
   "dateOfBirth": "12/18/92",
   "experience": 9
 },
 {
   "firstName": "firstName263",
   "lastName": "lastName263",
   "dateOfBirth": "2/6/93",
   "experience": 5
 },
 {
   "firstName": "firstName264",
   "lastName": "lastName264",
   "dateOfBirth": "10/1/92",
   "experience": 5
 },
 {
   "firstName": "firstName265",
   "lastName": "lastName265",
   "dateOfBirth": "5/12/93",
   "experience": 9
 },
 {
   "firstName": "firstName266",
   "lastName": "lastName266",
   "dateOfBirth": "6/11/93",
   "experience": 6
 },
 {
   "firstName": "firstName267",
   "lastName": "lastName267",
   "dateOfBirth": "8/3/93",
   "experience": 4
 },
 {
   "firstName": "firstName268",
   "lastName": "lastName268",
   "dateOfBirth": "8/5/93",
   "experience": 9
 },
 {
   "firstName": "firstName269",
   "lastName": "lastName269",
   "dateOfBirth": "7/6/93",
   "experience": 4
 },
 {
   "firstName": "firstName270",
   "lastName": "lastName270",
   "dateOfBirth": "4/14/93",
   "experience": 3
 },
 {
   "firstName": "firstName271",
   "lastName": "lastName271",
   "dateOfBirth": "9/26/92",
   "experience": 8
 },
 {
   "firstName": "firstName272",
   "lastName": "lastName272",
   "dateOfBirth": "8/22/93",
   "experience": 3
 },
 {
   "firstName": "firstName273",
   "lastName": "lastName273",
   "dateOfBirth": "12/27/92",
   "experience": 10
 },
 {
   "firstName": "firstName274",
   "lastName": "lastName274",
   "dateOfBirth": "4/3/93",
   "experience": 8
 },
 {
   "firstName": "firstName275",
   "lastName": "lastName275",
   "dateOfBirth": "11/29/92",
   "experience": 4
 },
 {
   "firstName": "firstName276",
   "lastName": "lastName276",
   "dateOfBirth": "7/22/93",
   "experience": 5
 },
 {
   "firstName": "firstName277",
   "lastName": "lastName277",
   "dateOfBirth": "1/8/93",
   "experience": 2
 },
 {
   "firstName": "firstName278",
   "lastName": "lastName278",
   "dateOfBirth": "3/22/93",
   "experience": 8
 },
 {
   "firstName": "firstName279",
   "lastName": "lastName279",
   "dateOfBirth": "3/7/93",
   "experience": 9
 },
 {
   "firstName": "firstName280",
   "lastName": "lastName280",
   "dateOfBirth": "8/13/93",
   "experience": 8
 },
 {
   "firstName": "firstName281",
   "lastName": "lastName281",
   "dateOfBirth": "2/16/93",
   "experience": 2
 },
 {
   "firstName": "firstName282",
   "lastName": "lastName282",
   "dateOfBirth": "3/16/93",
   "experience": 8
 },
 {
   "firstName": "firstName283",
   "lastName": "lastName283",
   "dateOfBirth": "4/29/93",
   "experience": 7
 },
 {
   "firstName": "firstName284",
   "lastName": "lastName284",
   "dateOfBirth": "8/9/93",
   "experience": 7
 },
 {
   "firstName": "firstName285",
   "lastName": "lastName285",
   "dateOfBirth": "2/4/93",
   "experience": 8
 },
 {
   "firstName": "firstName286",
   "lastName": "lastName286",
   "dateOfBirth": "7/15/93",
   "experience": 10
 },
 {
   "firstName": "firstName287",
   "lastName": "lastName287",
   "dateOfBirth": "11/17/92",
   "experience": 6
 },
 {
   "firstName": "firstName288",
   "lastName": "lastName288",
   "dateOfBirth": "6/14/93",
   "experience": 6
 },
 {
   "firstName": "firstName289",
   "lastName": "lastName289",
   "dateOfBirth": "11/17/92",
   "experience": 8
 },
 {
   "firstName": "firstName290",
   "lastName": "lastName290",
   "dateOfBirth": "4/1/93",
   "experience": 2
 },
 {
   "firstName": "firstName291",
   "lastName": "lastName291",
   "dateOfBirth": "2/2/93",
   "experience": 10
 },
 {
   "firstName": "firstName292",
   "lastName": "lastName292",
   "dateOfBirth": "6/22/93",
   "experience": 3
 },
 {
   "firstName": "firstName293",
   "lastName": "lastName293",
   "dateOfBirth": "3/5/93",
   "experience": 10
 },
 {
   "firstName": "firstName294",
   "lastName": "lastName294",
   "dateOfBirth": "4/24/93",
   "experience": 3
 },
 {
   "firstName": "firstName295",
   "lastName": "lastName295",
   "dateOfBirth": "3/1/93",
   "experience": 1
 },
 {
   "firstName": "firstName296",
   "lastName": "lastName296",
   "dateOfBirth": "4/9/93",
   "experience": 2
 },
 {
   "firstName": "firstName297",
   "lastName": "lastName297",
   "dateOfBirth": "2/13/93",
   "experience": 5
 },
 {
   "firstName": "firstName298",
   "lastName": "lastName298",
   "dateOfBirth": "10/29/92",
   "experience": 1
 },
 {
   "firstName": "firstName299",
   "lastName": "lastName299",
   "dateOfBirth": "5/31/93",
   "experience": 1
 },
 {
   "firstName": "firstName300",
   "lastName": "lastName300",
   "dateOfBirth": "4/19/93",
   "experience": 6
 }
]