"firstName202","lastName202","Fri Dec 25 00:00:00 IST 1992","7.0"
"firstName206","lastName206","Wed Sep 23 00:00:00 IST 1992","3.0"
"firstName208","lastName208","Tue Jun 08 00:00:00 IST 1993","8.0"
"firstName209","lastName209","Fri Nov 20 00:00:00 IST 1992","9.0"
"firstName210","lastName210","Tue May 25 00:00:00 IST 1993","2.0"
"firstName10","lastName10","Sun Feb 28 00:00:00 IST 1993","10.0"
"firstName213","lastName213","Mon Mar 22 00:00:00 IST 1993","8.0"
"firstName214","lastName214","Sun May 09 00:00:00 IST 1993","9.0"
"firstName215","lastName215","Wed Jun 02 00:00:00 IST 1993","9.0"
"firstName216","lastName216","Wed Oct 21 00:00:00 IST 1992","2.0"
"firstName217","lastName217","Sat Jul 03 00:00:00 IST 1993","1.0"
"firstName15","lastName15","Mon Jul 12 00:00:00 IST 1993","8.0"
"firstName16","lastName16","Fri Sep 10 00:00:00 IST 1993","1.0"
"firstName221","lastName221","Sat Jun 19 00:00:00 IST 1993","6.0"
"firstName18","lastName18","Wed Oct 28 00:00:00 IST 1992","6.0"
"firstName19","lastName19","Fri Jun 18 00:00:00 IST 1993","9.0"
"firstName21","lastName21","Sat Aug 07 00:00:00 IST 1993","1.0"
"firstName226","lastName226","Thu Dec 03 00:00:00 IST 1992","6.0"
"firstName23","lastName23","Sun May 09 00:00:00 IST 1993","9.0"
"firstName24","lastName24","Sat Mar 20 00:00:00 IST 1993","7.0"
"firstName25","lastName25","Sat Jul 10 00:00:00 IST 1993","2.0"
"firstName231","lastName231","Thu Jun 24 00:00:00 IST 1993","3.0"
"firstName27","lastName27","Fri Oct 30 00:00:00 IST 1992","1.0"
"firstName28","lastName28","Wed Oct 28 00:00:00 IST 1992","8.0"
"firstName29","lastName29","Tue Feb 16 00:00:00 IST 1993","9.0"
"firstName30","lastName30","Sat Dec 19 00:00:00 IST 1992","8.0"
"firstName31","lastName31","Thu Jun 10 00:00:00 IST 1993","6.0"
"firstName32","lastName32","Sun Nov 08 00:00:00 IST 1992","3.0"
"firstName239","lastName239","Sun Feb 14 00:00:00 IST 1993","8.0"
"firstName241","lastName241","Mon Mar 01 00:00:00 IST 1993","1.0"
"firstName35","lastName35","Sat Apr 03 00:00:00 IST 1993","7.0"
"firstName244","lastName244","Sun Jul 25 00:00:00 IST 1993","9.0"
"firstName38","lastName38","Mon Nov 09 00:00:00 IST 1992","6.0"
"firstName40","lastName40","Sat Feb 27 00:00:00 IST 1993","8.0"
"firstName249","lastName249","Sat Apr 24 00:00:00 IST 1993","4.0"
"firstName251","lastName251","Mon Jan 04 00:00:00 IST 1993","5.0"
"firstName44","lastName44","Mon Apr 26 00:00:00 IST 1993","1.0"
"firstName45","lastName45","Thu Nov 12 00:00:00 IST 1992","2.0"
"firstName255","lastName255","Sun Nov 22 00:00:00 IST 1992","3.0"
"firstName48","lastName48","Sat Oct 03 00:00:00 IST 1992","2.0"
"firstName257","lastName257","Wed May 26 00:00:00 IST 1993","1.0"
"firstName259","lastName259","Fri Jul 30 00:00:00 IST 1993","6.0"
"firstName260","lastName260","Fri Sep 10 00:00:00 IST 1993","1.0"
"firstName54","lastName54","Thu Feb 18 00:00:00 IST 1993","5.0"
"firstName56","lastName56","Wed Nov 04 00:00:00 IST 1992","10.0"
"firstName264","lastName264","Thu Oct 01 00:00:00 IST 1992","5.0"
"firstName266","lastName266","Fri Jun 11 00:00:00 IST 1993","6.0"
"firstName267","lastName267","Tue Aug 03 00:00:00 IST 1993","4.0"
"firstName61","lastName61","Sat Apr 24 00:00:00 IST 1993","7.0"
"firstName270","lastName270","Wed Apr 14 00:00:00 IST 1993","3.0"
"firstName64","lastName64","Wed Dec 02 00:00:00 IST 1992","3.0"
"firstName274","lastName274","Sat Apr 03 00:00:00 IST 1993","8.0"
"firstName67","lastName67","Thu Dec 10 00:00:00 IST 1992","3.0"
"firstName68","lastName68","Tue Jul 20 00:00:00 IST 1993","4.0"
"firstName69","lastName69","Sun Jul 04 00:00:00 IST 1993","2.0"
"firstName280","lastName280","Fri Aug 13 00:00:00 IST 1993","8.0"
"firstName282","lastName282","Tue Mar 16 00:00:00 IST 1993","8.0"
"firstName73","lastName73","Tue Nov 24 00:00:00 IST 1992","6.0"
"firstName75","lastName75","Sat Feb 27 00:00:00 IST 1993","2.0"
"firstName76","lastName76","Wed Nov 04 00:00:00 IST 1992","2.0"
"firstName78","lastName78","Sun Mar 07 00:00:00 IST 1993","3.0"
"firstName79","lastName79","Wed Apr 07 00:00:00 IST 1993","2.0"
"firstName290","lastName290","Thu Apr 01 00:00:00 IST 1993","2.0"
"firstName291","lastName291","Tue Feb 02 00:00:00 IST 1993","10.0"
"firstName292","lastName292","Tue Jun 22 00:00:00 IST 1993","3.0"
"firstName293","lastName293","Fri Mar 05 00:00:00 IST 1993","10.0"
"firstName294","lastName294","Sat Apr 24 00:00:00 IST 1993","3.0"
"firstName83","lastName83","Wed Jun 09 00:00:00 IST 1993","7.0"
"firstName296","lastName296","Fri Apr 09 00:00:00 IST 1993","2.0"
"firstName84","lastName84","Mon Jan 11 00:00:00 IST 1993","3.0"
"firstName85","lastName85","Fri Jun 18 00:00:00 IST 1993","1.0"
"firstName86","lastName86","Fri Apr 09 00:00:00 IST 1993","8.0"
"firstName87","lastName87","Fri May 28 00:00:00 IST 1993","1.0"
"firstName300","lastName300","Mon Apr 19 00:00:00 IST 1993","6.0"
"firstName89","lastName89","Fri Oct 02 00:00:00 IST 1992","8.0"
"firstName90","lastName90","Fri Feb 05 00:00:00 IST 1993","6.0"
"firstName93","lastName93","Wed Jul 14 00:00:00 IST 1993","2.0"
"firstName95","lastName95","Mon Nov 30 00:00:00 IST 1992","2.0"
"firstName99","lastName99","Wed Jan 27 00:00:00 IST 1993","5.0"
"firstName102","lastName102","Mon Jun 21 00:00:00 IST 1993","6.0"
"firstName106","lastName106","Sat Apr 24 00:00:00 IST 1993","4.0"
"firstName111","lastName111","Tue Mar 23 00:00:00 IST 1993","8.0"
"firstName112","lastName112","Fri Jun 25 00:00:00 IST 1993","1.0"
"firstName115","lastName115","Sat Mar 06 00:00:00 IST 1993","2.0"
"firstName116","lastName116","Sat Aug 21 00:00:00 IST 1993","10.0"
"firstName118","lastName118","Wed Aug 04 00:00:00 IST 1993","3.0"
"firstName120","lastName120","Sun Jul 18 00:00:00 IST 1993","2.0"
"firstName123","lastName123","Wed Aug 18 00:00:00 IST 1993","9.0"
"firstName125","lastName125","Wed Aug 04 00:00:00 IST 1993","9.0"
"firstName128","lastName128","Thu Aug 19 00:00:00 IST 1993","2.0"
"firstName130","lastName130","Tue Jun 08 00:00:00 IST 1993","1.0"
"firstName133","lastName133","Thu Aug 19 00:00:00 IST 1993","2.0"
"firstName136","lastName136","Fri Aug 20 00:00:00 IST 1993","3.0"
"firstName139","lastName139","Mon May 31 00:00:00 IST 1993","4.0"
"firstName141","lastName141","Tue Apr 27 00:00:00 IST 1993","4.0"
"firstName142","lastName142","Sun Dec 20 00:00:00 IST 1992","3.0"
"firstName144","lastName144","Mon Sep 28 00:00:00 IST 1992","6.0"
"firstName145","lastName145","Tue Jun 22 00:00:00 IST 1993","10.0"
"firstName146","lastName146","Tue Jan 26 00:00:00 IST 1993","2.0"
"firstName148","lastName148","Sat Jan 02 00:00:00 IST 1993","9.0"
