[{"firstName":"firstName201","lastName":"lastName201","dateOfBirth":"Tue May 11 00:00:00 IST 1993","experience":6.0},{"firstName":"firstName2","lastName":"lastName2","dateOfBirth":"Fri Jan 29 00:00:00 IST 1993","experience":5.0},{"firstName":"firstName203","lastName":"lastName203","dateOfBirth":"Tue Aug 24 00:00:00 IST 1993","experience":4.0},{"firstName":"firstName3","lastName":"lastName3","dateOfBirth":"Wed Jan 13 00:00:00 IST 1993","experience":5.0},{"firstName":"firstName204","lastName":"lastName204","dateOfBirth":"Sat May 22 00:00:00 IST 1993","experience":6.0},{"firstName":"firstName4","lastName":"lastName4","dateOfBirth":"Sat Jan 09 00:00:00 IST 1993","experience":5.0},{"firstName":"firstName205","lastName":"lastName205","dateOfBirth":"Wed Nov 25 00:00:00 IST 1992","experience":9.0},{"firstName":"firstName5","lastName":"lastName5","dateOfBirth":"Mon Dec 14 00:00:00 IST 1992","experience":10.0},{"firstName":"firstName207","lastName":"lastName207","dateOfBirth":"Sun May 09 00:00:00 IST 1993","experience":2.0},{"firstName":"firstName6","lastName":"lastName6","dateOfBirth":"Sat Oct 10 00:00:00 IST 1992","experience":7.0},{"firstName":"firstName7","lastName":"lastName7","dateOfBirth":"Sun Jun 27 00:00:00 IST 1993","experience":2.0},{"firstName":"firstName8","lastName":"lastName8","dateOfBirth":"Mon Mar 08 00:00:00 IST 1993","experience":2.0},{"firstName":"firstName9","lastName":"lastName9","dateOfBirth":"Wed Sep 15 00:00:00 IST 1993","experience":9.0},{"firstName":"firstName211","lastName":"lastName211","dateOfBirth":"Thu Apr 29 00:00:00 IST 1993","experience":9.0},{"firstName":"firstName212","lastName":"lastName212","dateOfBirth":"Wed Nov 25 00:00:00 IST 1992","experience":2.0},{"firstName":"firstName11","lastName":"lastName11","dateOfBirth":"Fri Aug 20 00:00:00 IST 1993","experience":7.0},{"firstName":"firstName12","lastName":"lastName12","dateOfBirth":"Thu Nov 19 00:00:00 IST 1992","experience":8.0},{"firstName":"firstName13","lastName":"lastName13","dateOfBirth":"Wed Apr 07 00:00:00 IST 1993","experience":10.0},{"firstName":"firstName14","lastName":"lastName14","dateOfBirth":"Sat Nov 07 00:00:00 IST 1992","experience":8.0},{"firstName":"firstName218","lastName":"lastName218","dateOfBirth":"Fri Sep 17 00:00:00 IST 1993","experience":4.0},{"firstName":"firstName219","lastName":"lastName219","dateOfBirth":"Mon Mar 15 00:00:00 IST 1993","experience":9.0},{"firstName":"firstName220","lastName":"lastName220","dateOfBirth":"Tue Nov 24 00:00:00 IST 1992","experience":3.0},{"firstName":"firstName17","lastName":"lastName17","dateOfBirth":"Sat Jun 05 00:00:00 IST 1993","experience":4.0},{"firstName":"firstName222","lastName":"lastName222","dateOfBirth":"Thu Oct 08 00:00:00 IST 1992","experience":8.0},{"firstName":"firstName223","lastName":"lastName223","dateOfBirth":"Wed May 05 00:00:00 IST 1993","experience":3.0},{"firstName":"firstName20","lastName":"lastName20","dateOfBirth":"Fri Jun 11 00:00:00 IST 1993","experience":9.0},{"firstName":"firstName225","lastName":"lastName225","dateOfBirth":"Tue Dec 01 00:00:00 IST 1992","experience":9.0},{"firstName":"firstName22","lastName":"lastName22","dateOfBirth":"Mon Nov 23 00:00:00 IST 1992","experience":10.0},{"firstName":"firstName228","lastName":"lastName228","dateOfBirth":"Thu Sep 09 00:00:00 IST 1993","experience":2.0},{"firstName":"firstName229","lastName":"lastName229","dateOfBirth":"Tue Nov 17 00:00:00 IST 1992","experience":6.0},{"firstName":"firstName26","lastName":"lastName26","dateOfBirth":"Fri Apr 09 00:00:00 IST 1993","experience":10.0},{"firstName":"firstName232","lastName":"lastName232","dateOfBirth":"Tue Apr 06 00:00:00 IST 1993","experience":8.0},{"firstName":"firstName233","lastName":"lastName233","dateOfBirth":"Fri Jun 11 00:00:00 IST 1993","experience":7.0},{"firstName":"firstName235","lastName":"lastName235","dateOfBirth":"Fri Jul 02 00:00:00 IST 1993","experience":9.0},{"firstName":"firstName236","lastName":"lastName236","dateOfBirth":"Tue Oct 27 00:00:00 IST 1992","experience":1.0},{"firstName":"firstName238","lastName":"lastName238","dateOfBirth":"Fri Nov 06 00:00:00 IST 1992","experience":1.0},{"firstName":"firstName33","lastName":"lastName33","dateOfBirth":"Fri Nov 27 00:00:00 IST 1992","experience":7.0},{"firstName":"firstName34","lastName":"lastName34","dateOfBirth":"Sat Oct 10 00:00:00 IST 1992","experience":9.0},{"firstName":"firstName242","lastName":"lastName242","dateOfBirth":"Mon May 24 00:00:00 IST 1993","experience":7.0},{"firstName":"firstName36","lastName":"lastName36","dateOfBirth":"Sun Jun 06 00:00:00 IST 1993","experience":10.0},{"firstName":"firstName37","lastName":"lastName37","dateOfBirth":"Sat Jun 26 00:00:00 IST 1993","experience":8.0},{"firstName":"firstName246","lastName":"lastName246","dateOfBirth":"Sat Dec 26 00:00:00 IST 1992","experience":8.0},{"firstName":"firstName247","lastName":"lastName247","dateOfBirth":"Thu May 27 00:00:00 IST 1993","experience":3.0},{"firstName":"firstName248","lastName":"lastName248","dateOfBirth":"Tue Jun 15 00:00:00 IST 1993","experience":6.0},{"firstName":"firstName250","lastName":"lastName250","dateOfBirth":"Wed May 05 00:00:00 IST 1993","experience":8.0},{"firstName":"firstName42","lastName":"lastName42","dateOfBirth":"Thu May 20 00:00:00 IST 1993","experience":6.0},{"firstName":"firstName252","lastName":"lastName252","dateOfBirth":"Wed Feb 24 00:00:00 IST 1993","experience":5.0},{"firstName":"firstName253","lastName":"lastName253","dateOfBirth":"Sat Apr 10 00:00:00 IST 1993","experience":7.0},{"firstName":"firstName46","lastName":"lastName46","dateOfBirth":"Tue May 04 00:00:00 IST 1993","experience":7.0},{"firstName":"firstName47","lastName":"lastName47","dateOfBirth":"Sun Nov 29 00:00:00 IST 1992","experience":9.0},{"firstName":"firstName49","lastName":"lastName49","dateOfBirth":"Mon Jul 05 00:00:00 IST 1993","experience":6.0},{"firstName":"firstName50","lastName":"lastName50","dateOfBirth":"Tue Oct 13 00:00:00 IST 1992","experience":3.0},{"firstName":"firstName51","lastName":"lastName51","dateOfBirth":"Tue Feb 09 00:00:00 IST 1993","experience":1.0},{"firstName":"firstName53","lastName":"lastName53","dateOfBirth":"Fri Dec 25 00:00:00 IST 1992","experience":4.0},{"firstName":"firstName261","lastName":"lastName261","dateOfBirth":"Mon Jun 28 00:00:00 IST 1993","experience":5.0},{"firstName":"firstName262","lastName":"lastName262","dateOfBirth":"Fri Dec 18 00:00:00 IST 1992","experience":9.0},{"firstName":"firstName263","lastName":"lastName263","dateOfBirth":"Sat Feb 06 00:00:00 IST 1993","experience":5.0},{"firstName":"firstName265","lastName":"lastName265","dateOfBirth":"Wed May 12 00:00:00 IST 1993","experience":9.0},{"firstName":"firstName58","lastName":"lastName58","dateOfBirth":"Tue Oct 27 00:00:00 IST 1992","experience":10.0},{"firstName":"firstName59","lastName":"lastName59","dateOfBirth":"Sun Sep 27 00:00:00 IST 1992","experience":5.0},{"firstName":"firstName268","lastName":"lastName268","dateOfBirth":"Thu Aug 05 00:00:00 IST 1993","experience":9.0},{"firstName":"firstName62","lastName":"lastName62","dateOfBirth":"Sat Jul 03 00:00:00 IST 1993","experience":6.0},{"firstName":"firstName63","lastName":"lastName63","dateOfBirth":"Mon Mar 22 00:00:00 IST 1993","experience":5.0},{"firstName":"firstName272","lastName":"lastName272","dateOfBirth":"Sun Aug 22 00:00:00 IST 1993","experience":3.0},{"firstName":"firstName273","lastName":"lastName273","dateOfBirth":"Sun Dec 27 00:00:00 IST 1992","experience":10.0},{"firstName":"firstName66","lastName":"lastName66","dateOfBirth":"Fri Aug 27 00:00:00 IST 1993","experience":2.0},{"firstName":"firstName275","lastName":"lastName275","dateOfBirth":"Sun Nov 29 00:00:00 IST 1992","experience":4.0},{"firstName":"firstName277","lastName":"lastName277","dateOfBirth":"Fri Jan 08 00:00:00 IST 1993","experience":2.0},{"firstName":"firstName278","lastName":"lastName278","dateOfBirth":"Mon Mar 22 00:00:00 IST 1993","experience":8.0},{"firstName":"firstName70","lastName":"lastName70","dateOfBirth":"Thu May 27 00:00:00 IST 1993","experience":1.0},{"firstName":"firstName281","lastName":"lastName281","dateOfBirth":"Tue Feb 16 00:00:00 IST 1993","experience":2.0},{"firstName":"firstName71","lastName":"lastName71","dateOfBirth":"Fri Feb 26 00:00:00 IST 1993","experience":1.0},{"firstName":"firstName283","lastName":"lastName283","dateOfBirth":"Thu Apr 29 00:00:00 IST 1993","experience":7.0},{"firstName":"firstName284","lastName":"lastName284","dateOfBirth":"Mon Aug 09 00:00:00 IST 1993","experience":7.0},{"firstName":"firstName285","lastName":"lastName285","dateOfBirth":"Thu Feb 04 00:00:00 IST 1993","experience":8.0},{"firstName":"firstName286","lastName":"lastName286","dateOfBirth":"Thu Jul 15 00:00:00 IST 1993","experience":10.0},{"firstName":"firstName287","lastName":"lastName287","dateOfBirth":"Tue Nov 17 00:00:00 IST 1992","experience":6.0},{"firstName":"firstName288","lastName":"lastName288","dateOfBirth":"Mon Jun 14 00:00:00 IST 1993","experience":6.0},{"firstName":"firstName92","lastName":"lastName92","dateOfBirth":"Tue Jun 29 00:00:00 IST 1993","experience":7.0},{"firstName":"firstName94","lastName":"lastName94","dateOfBirth":"Tue Jul 06 00:00:00 IST 1993","experience":4.0},{"firstName":"firstName97","lastName":"lastName97","dateOfBirth":"Mon Jun 14 00:00:00 IST 1993","experience":8.0},{"firstName":"firstName98","lastName":"lastName98","dateOfBirth":"Thu Feb 11 00:00:00 IST 1993","experience":3.0},{"firstName":"firstName100","lastName":"lastName100","dateOfBirth":"Thu Jul 01 00:00:00 IST 1993","experience":5.0},{"firstName":"firstName101","lastName":"lastName101","dateOfBirth":"Tue Jan 12 00:00:00 IST 1993","experience":4.0},{"firstName":"firstName103","lastName":"lastName103","dateOfBirth":"Fri Aug 13 00:00:00 IST 1993","experience":4.0},{"firstName":"firstName105","lastName":"lastName105","dateOfBirth":"Wed Jul 28 00:00:00 IST 1993","experience":3.0},{"firstName":"firstName107","lastName":"lastName107","dateOfBirth":"Thu Jul 01 00:00:00 IST 1993","experience":3.0},{"firstName":"firstName108","lastName":"lastName108","dateOfBirth":"Fri Jun 18 00:00:00 IST 1993","experience":1.0},{"firstName":"firstName110","lastName":"lastName110","dateOfBirth":"Mon Jun 21 00:00:00 IST 1993","experience":1.0},{"firstName":"firstName113","lastName":"lastName113","dateOfBirth":"Tue Oct 06 00:00:00 IST 1992","experience":3.0},{"firstName":"firstName117","lastName":"lastName117","dateOfBirth":"Fri Apr 30 00:00:00 IST 1993","experience":9.0},{"firstName":"firstName119","lastName":"lastName119","dateOfBirth":"Mon Mar 08 00:00:00 IST 1993","experience":6.0},{"firstName":"firstName122","lastName":"lastName122","dateOfBirth":"Tue Jun 01 00:00:00 IST 1993","experience":8.0},{"firstName":"firstName124","lastName":"lastName124","dateOfBirth":"Fri Aug 20 00:00:00 IST 1993","experience":1.0},{"firstName":"firstName126","lastName":"lastName126","dateOfBirth":"Wed Dec 02 00:00:00 IST 1992","experience":6.0},{"firstName":"firstName129","lastName":"lastName129","dateOfBirth":"Wed Sep 15 00:00:00 IST 1993","experience":2.0},{"firstName":"firstName131","lastName":"lastName131","dateOfBirth":"Thu Feb 25 00:00:00 IST 1993","experience":8.0},{"firstName":"firstName134","lastName":"lastName134","dateOfBirth":"Mon Apr 12 00:00:00 IST 1993","experience":7.0},{"firstName":"firstName135","lastName":"lastName135","dateOfBirth":"Tue Oct 13 00:00:00 IST 1992","experience":2.0},{"firstName":"firstName138","lastName":"lastName138","dateOfBirth":"Tue Feb 23 00:00:00 IST 1993","experience":8.0}]