<?xml version="1.0" encoding="UTF-8"?>
<employees>
  <employee>
    <firstName>firstName101</firstName>
    <lastName>lastName101</lastName>
    <dateOfBirth>1/12/93</dateOfBirth>
    <experience>4</experience>
  </employee>
  <employee>
    <firstName>firstName102</firstName>
    <lastName>lastName102</lastName>
    <dateOfBirth>6/21/93</dateOfBirth>
    <experience>6</experience>
  </employee>
  <employee>
    <firstName>firstName103</firstName>
    <lastName>lastName103</lastName>
    <dateOfBirth>8/13/93</dateOfBirth>
    <experience>4</experience>
  </employee>
  <employee>
    <firstName>firstName104</firstName>
    <lastName>lastName104</lastName>
    <dateOfBirth>6/10/93</dateOfBirth>
    <experience>2</experience>
  </employee>
  <employee>
    <firstName>firstName105</firstName>
    <lastName>lastName105</lastName>
    <dateOfBirth>7/28/93</dateOfBirth>
    <experience>3</experience>
  </employee>
  <employee>
    <firstName>firstName106</firstName>
    <lastName>lastName106</lastName>
    <dateOfBirth>4/24/93</dateOfBirth>
    <experience>4</experience>
  </employee>
  <employee>
    <firstName>firstName107</firstName>
    <lastName>lastName107</lastName>
    <dateOfBirth>7/1/93</dateOfBirth>
    <experience>3</experience>
  </employee>
  <employee>
    <firstName>firstName108</firstName>
    <lastName>lastName108</lastName>
    <dateOfBirth>6/18/93</dateOfBirth>
    <experience>1</experience>
  </employee>
  <employee>
    <firstName>firstName109</firstName>
    <lastName>lastName109</lastName>
    <dateOfBirth>12/15/92</dateOfBirth>
    <experience>2</experience>
  </employee>
  <employee>
    <firstName>firstName110</firstName>
    <lastName>lastName110</lastName>
    <dateOfBirth>6/21/93</dateOfBirth>
    <experience>1</experience>
  </employee>
  <employee>
    <firstName>firstName111</firstName>
    <lastName>lastName111</lastName>
    <dateOfBirth>3/23/93</dateOfBirth>
    <experience>8</experience>
  </employee>
  <employee>
    <firstName>firstName112</firstName>
    <lastName>lastName112</lastName>
    <dateOfBirth>6/25/93</dateOfBirth>
    <experience>1</experience>
  </employee>
  <employee>
    <firstName>firstName113</firstName>
    <lastName>lastName113</lastName>
    <dateOfBirth>10/6/92</dateOfBirth>
    <experience>3</experience>
  </employee>
  <employee>
    <firstName>firstName114</firstName>
    <lastName>lastName114</lastName>
    <dateOfBirth>3/22/93</dateOfBirth>
    <experience>8</experience>
  </employee>
  <employee>
    <firstName>firstName115</firstName>
    <lastName>lastName115</lastName>
    <dateOfBirth>3/6/93</dateOfBirth>
    <experience>2</experience>
  </employee>
  <employee>
    <firstName>firstName116</firstName>
    <lastName>lastName116</lastName>
    <dateOfBirth>8/21/93</dateOfBirth>
    <experience>10</experience>
  </employee>
  <employee>
    <firstName>firstName117</firstName>
    <lastName>lastName117</lastName>
    <dateOfBirth>4/30/93</dateOfBirth>
    <experience>9</experience>
  </employee>
  <employee>
    <firstName>firstName118</firstName>
    <lastName>lastName118</lastName>
    <dateOfBirth>8/4/93</dateOfBirth>
    <experience>3</experience>
  </employee>
  <employee>
    <firstName>firstName119</firstName>
    <lastName>lastName119</lastName>
    <dateOfBirth>3/8/93</dateOfBirth>
    <experience>6</experience>
  </employee>
  <employee>
    <firstName>firstName120</firstName>
    <lastName>lastName120</lastName>
    <dateOfBirth>7/18/93</dateOfBirth>
    <experience>2</experience>
  </employee>
  <employee>
    <firstName>firstName121</firstName>
    <lastName>lastName121</lastName>
    <dateOfBirth>7/20/93</dateOfBirth>
    <experience>2</experience>
  </employee>
  <employee>
    <firstName>firstName122</firstName>
    <lastName>lastName122</lastName>
    <dateOfBirth>6/1/93</dateOfBirth>
    <experience>8</experience>
  </employee>
  <employee>
    <firstName>firstName123</firstName>
    <lastName>lastName123</lastName>
    <dateOfBirth>8/18/93</dateOfBirth>
    <experience>9</experience>
  </employee>
  <employee>
    <firstName>firstName124</firstName>
    <lastName>lastName124</lastName>
    <dateOfBirth>8/20/93</dateOfBirth>
    <experience>1</experience>
  </employee>
  <employee>
    <firstName>firstName125</firstName>
    <lastName>lastName125</lastName>
    <dateOfBirth>8/4/93</dateOfBirth>
    <experience>9</experience>
  </employee>
  <employee>
    <firstName>firstName126</firstName>
    <lastName>lastName126</lastName>
    <dateOfBirth>12/2/92</dateOfBirth>
    <experience>6</experience>
  </employee>
  <employee>
    <firstName>firstName127</firstName>
    <lastName>lastName127</lastName>
    <dateOfBirth>3/16/93</dateOfBirth>
    <experience>7</experience>
  </employee>
  <employee>
    <firstName>firstName128</firstName>
    <lastName>lastName128</lastName>
    <dateOfBirth>8/19/93</dateOfBirth>
    <experience>2</experience>
  </employee>
  <employee>
    <firstName>firstName129</firstName>
    <lastName>lastName129</lastName>
    <dateOfBirth>9/15/93</dateOfBirth>
    <experience>2</experience>
  </employee>
  <employee>
    <firstName>firstName130</firstName>
    <lastName>lastName130</lastName>
    <dateOfBirth>6/8/93</dateOfBirth>
    <experience>1</experience>
  </employee>
  <employee>
    <firstName>firstName131</firstName>
    <lastName>lastName131</lastName>
    <dateOfBirth>2/25/93</dateOfBirth>
    <experience>8</experience>
  </employee>
  <employee>
    <firstName>firstName132</firstName>
    <lastName>lastName132</lastName>
    <dateOfBirth>10/19/92</dateOfBirth>
    <experience>7</experience>
  </employee>
  <employee>
    <firstName>firstName133</firstName>
    <lastName>lastName133</lastName>
    <dateOfBirth>8/19/93</dateOfBirth>
    <experience>2</experience>
  </employee>
  <employee>
    <firstName>firstName134</firstName>
    <lastName>lastName134</lastName>
    <dateOfBirth>4/12/93</dateOfBirth>
    <experience>7</experience>
  </employee>
  <employee>
    <firstName>firstName135</firstName>
    <lastName>lastName135</lastName>
    <dateOfBirth>10/13/92</dateOfBirth>
    <experience>2</experience>
  </employee>
  <employee>
    <firstName>firstName136</firstName>
    <lastName>lastName136</lastName>
    <dateOfBirth>8/20/93</dateOfBirth>
    <experience>3</experience>
  </employee>
  <employee>
    <firstName>firstName137</firstName>
    <lastName>lastName137</lastName>
    <dateOfBirth>3/17/93</dateOfBirth>
    <experience>6</experience>
  </employee>
  <employee>
    <firstName>firstName138</firstName>
    <lastName>lastName138</lastName>
    <dateOfBirth>2/23/93</dateOfBirth>
    <experience>8</experience>
  </employee>
  <employee>
    <firstName>firstName139</firstName>
    <lastName>lastName139</lastName>
    <dateOfBirth>5/31/93</dateOfBirth>
    <experience>4</experience>
  </employee>
  <employee>
    <firstName>firstName140</firstName>
    <lastName>lastName140</lastName>
    <dateOfBirth>6/12/93</dateOfBirth>
    <experience>7</experience>
  </employee>
  <employee>
    <firstName>firstName141</firstName>
    <lastName>lastName141</lastName>
    <dateOfBirth>4/27/93</dateOfBirth>
    <experience>4</experience>
  </employee>
  <employee>
    <firstName>firstName142</firstName>
    <lastName>lastName142</lastName>
    <dateOfBirth>12/20/92</dateOfBirth>
    <experience>3</experience>
  </employee>
  <employee>
    <firstName>firstName143</firstName>
    <lastName>lastName143</lastName>
    <dateOfBirth>1/26/93</dateOfBirth>
    <experience>5</experience>
  </employee>
  <employee>
    <firstName>firstName144</firstName>
    <lastName>lastName144</lastName>
    <dateOfBirth>9/28/92</dateOfBirth>
    <experience>6</experience>
  </employee>
  <employee>
    <firstName>firstName145</firstName>
    <lastName>lastName145</lastName>
    <dateOfBirth>6/22/93</dateOfBirth>
    <experience>10</experience>
  </employee>
  <employee>
    <firstName>firstName146</firstName>
    <lastName>lastName146</lastName>
    <dateOfBirth>1/26/93</dateOfBirth>
    <experience>2</experience>
  </employee>
  <employee>
    <firstName>firstName147</firstName>
    <lastName>lastName147</lastName>
    <dateOfBirth>2/9/93</dateOfBirth>
    <experience>6</experience>
  </employee>
  <employee>
    <firstName>firstName148</firstName>
    <lastName>lastName148</lastName>
    <dateOfBirth>1/2/93</dateOfBirth>
    <experience>9</experience>
  </employee>
  <employee>
    <firstName>firstName149</firstName>
    <lastName>lastName149</lastName>
    <dateOfBirth>12/29/92</dateOfBirth>
    <experience>8</experience>
  </employee>
  <employee>
    <firstName>firstName150</firstName>
    <lastName>lastName150</lastName>
    <dateOfBirth>12/25/92</dateOfBirth>
    <experience>6</experience>
  </employee>
  <employee>
    <firstName>firstName151</firstName>
    <lastName>lastName151</lastName>
    <dateOfBirth>3/13/93</dateOfBirth>
    <experience>3</experience>
  </employee>
  <employee>
    <firstName>firstName152</firstName>
    <lastName>lastName152</lastName>
    <dateOfBirth>12/8/92</dateOfBirth>
    <experience>4</experience>
  </employee>
  <employee>
    <firstName>firstName153</firstName>
    <lastName>lastName153</lastName>
    <dateOfBirth>6/25/93</dateOfBirth>
    <experience>8</experience>
  </employee>
  <employee>
    <firstName>firstName154</firstName>
    <lastName>lastName154</lastName>
    <dateOfBirth>7/15/93</dateOfBirth>
    <experience>9</experience>
  </employee>
  <employee>
    <firstName>firstName155</firstName>
    <lastName>lastName155</lastName>
    <dateOfBirth>12/8/92</dateOfBirth>
    <experience>9</experience>
  </employee>
  <employee>
    <firstName>firstName156</firstName>
    <lastName>lastName156</lastName>
    <dateOfBirth>2/19/93</dateOfBirth>
    <experience>3</experience>
  </employee>
  <employee>
    <firstName>firstName157</firstName>
    <lastName>lastName157</lastName>
    <dateOfBirth>8/7/93</dateOfBirth>
    <experience>9</experience>
  </employee>
  <employee>
    <firstName>firstName158</firstName>
    <lastName>lastName158</lastName>
    <dateOfBirth>1/22/93</dateOfBirth>
    <experience>6</experience>
  </employee>
  <employee>
    <firstName>firstName159</firstName>
    <lastName>lastName159</lastName>
    <dateOfBirth>3/19/93</dateOfBirth>
    <experience>5</experience>
  </employee>
  <employee>
    <firstName>firstName160</firstName>
    <lastName>lastName160</lastName>
    <dateOfBirth>3/27/93</dateOfBirth>
    <experience>9</experience>
  </employee>
  <employee>
    <firstName>firstName161</firstName>
    <lastName>lastName161</lastName>
    <dateOfBirth>1/27/93</dateOfBirth>
    <experience>4</experience>
  </employee>
  <employee>
    <firstName>firstName162</firstName>
    <lastName>lastName162</lastName>
    <dateOfBirth>11/9/92</dateOfBirth>
    <experience>4</experience>
  </employee>
  <employee>
    <firstName>firstName163</firstName>
    <lastName>lastName163</lastName>
    <dateOfBirth>4/22/93</dateOfBirth>
    <experience>4</experience>
  </employee>
  <employee>
    <firstName>firstName164</firstName>
    <lastName>lastName164</lastName>
    <dateOfBirth>2/27/93</dateOfBirth>
    <experience>10</experience>
  </employee>
  <employee>
    <firstName>firstName165</firstName>
    <lastName>lastName165</lastName>
    <dateOfBirth>1/28/93</dateOfBirth>
    <experience>7</experience>
  </employee>
  <employee>
    <firstName>firstName166</firstName>
    <lastName>lastName166</lastName>
    <dateOfBirth>8/17/93</dateOfBirth>
    <experience>5</experience>
  </employee>
  <employee>
    <firstName>firstName167</firstName>
    <lastName>lastName167</lastName>
    <dateOfBirth>8/7/93</dateOfBirth>
    <experience>2</experience>
  </employee>
  <employee>
    <firstName>firstName168</firstName>
    <lastName>lastName168</lastName>
    <dateOfBirth>12/15/92</dateOfBirth>
    <experience>10</experience>
  </employee>
  <employee>
    <firstName>firstName169</firstName>
    <lastName>lastName169</lastName>
    <dateOfBirth>8/26/93</dateOfBirth>
    <experience>9</experience>
  </employee>
  <employee>
    <firstName>firstName170</firstName>
    <lastName>lastName170</lastName>
    <dateOfBirth>1/7/93</dateOfBirth>
    <experience>6</experience>
  </employee>
  <employee>
    <firstName>firstName171</firstName>
    <lastName>lastName171</lastName>
    <dateOfBirth>9/26/92</dateOfBirth>
    <experience>5</experience>
  </employee>
  <employee>
    <firstName>firstName172</firstName>
    <lastName>lastName172</lastName>
    <dateOfBirth>10/26/92</dateOfBirth>
    <experience>10</experience>
  </employee>
  <employee>
    <firstName>firstName173</firstName>
    <lastName>lastName173</lastName>
    <dateOfBirth>12/29/92</dateOfBirth>
    <experience>6</experience>
  </employee>
  <employee>
    <firstName>firstName174</firstName>
    <lastName>lastName174</lastName>
    <dateOfBirth>7/11/93</dateOfBirth>
    <experience>4</experience>
  </employee>
  <employee>
    <firstName>firstName175</firstName>
    <lastName>lastName175</lastName>
    <dateOfBirth>6/18/93</dateOfBirth>
    <experience>4</experience>
  </employee>
  <employee>
    <firstName>firstName176</firstName>
    <lastName>lastName176</lastName>
    <dateOfBirth>9/28/92</dateOfBirth>
    <experience>9</experience>
  </employee>
  <employee>
    <firstName>firstName177</firstName>
    <lastName>lastName177</lastName>
    <dateOfBirth>7/23/93</dateOfBirth>
    <experience>5</experience>
  </employee>
  <employee>
    <firstName>firstName178</firstName>
    <lastName>lastName178</lastName>
    <dateOfBirth>4/3/93</dateOfBirth>
    <experience>8</experience>
  </employee>
  <employee>
    <firstName>firstName179</firstName>
    <lastName>lastName179</lastName>
    <dateOfBirth>8/16/93</dateOfBirth>
    <experience>3</experience>
  </employee>
  <employee>
    <firstName>firstName180</firstName>
    <lastName>lastName180</lastName>
    <dateOfBirth>12/16/92</dateOfBirth>
    <experience>9</experience>
  </employee>
  <employee>
    <firstName>firstName181</firstName>
    <lastName>lastName181</lastName>
    <dateOfBirth>8/23/93</dateOfBirth>
    <experience>9</experience>
  </employee>
  <employee>
    <firstName>firstName182</firstName>
    <lastName>lastName182</lastName>
    <dateOfBirth>4/11/93</dateOfBirth>
    <experience>2</experience>
  </employee>
  <employee>
    <firstName>firstName183</firstName>
    <lastName>lastName183</lastName>
    <dateOfBirth>12/16/92</dateOfBirth>
    <experience>10</experience>
  </employee>
  <employee>
    <firstName>firstName184</firstName>
    <lastName>lastName184</lastName>
    <dateOfBirth>8/19/93</dateOfBirth>
    <experience>8</experience>
  </employee>
  <employee>
    <firstName>firstName185</firstName>
    <lastName>lastName185</lastName>
    <dateOfBirth>12/16/92</dateOfBirth>
    <experience>3</experience>
  </employee>
  <employee>
    <firstName>firstName186</firstName>
    <lastName>lastName186</lastName>
    <dateOfBirth>2/27/93</dateOfBirth>
    <experience>7</experience>
  </employee>
  <employee>
    <firstName>firstName187</firstName>
    <lastName>lastName187</lastName>
    <dateOfBirth>3/21/93</dateOfBirth>
    <experience>9</experience>
  </employee>
  <employee>
    <firstName>firstName188</firstName>
    <lastName>lastName188</lastName>
    <dateOfBirth>7/4/93</dateOfBirth>
    <experience>9</experience>
  </employee>
  <employee>
    <firstName>firstName189</firstName>
    <lastName>lastName189</lastName>
    <dateOfBirth>11/4/92</dateOfBirth>
    <experience>10</experience>
  </employee>
  <employee>
    <firstName>firstName190</firstName>
    <lastName>lastName190</lastName>
    <dateOfBirth>10/31/92</dateOfBirth>
    <experience>6</experience>
  </employee>
  <employee>
    <firstName>firstName191</firstName>
    <lastName>lastName191</lastName>
    <dateOfBirth>8/14/93</dateOfBirth>
    <experience>5</experience>
  </employee>
  <employee>
    <firstName>firstName192</firstName>
    <lastName>lastName192</lastName>
    <dateOfBirth>5/1/93</dateOfBirth>
    <experience>1</experience>
  </employee>
  <employee>
    <firstName>firstName193</firstName>
    <lastName>lastName193</lastName>
    <dateOfBirth>7/8/93</dateOfBirth>
    <experience>9</experience>
  </employee>
  <employee>
    <firstName>firstName194</firstName>
    <lastName>lastName194</lastName>
    <dateOfBirth>4/19/93</dateOfBirth>
    <experience>9</experience>
  </employee>
  <employee>
    <firstName>firstName195</firstName>
    <lastName>lastName195</lastName>
    <dateOfBirth>7/20/93</dateOfBirth>
    <experience>3</experience>
  </employee>
  <employee>
    <firstName>firstName196</firstName>
    <lastName>lastName196</lastName>
    <dateOfBirth>1/28/93</dateOfBirth>
    <experience>8</experience>
  </employee>
  <employee>
    <firstName>firstName197</firstName>
    <lastName>lastName197</lastName>
    <dateOfBirth>12/29/92</dateOfBirth>
    <experience>4</experience>
  </employee>
  <employee>
    <firstName>firstName198</firstName>
    <lastName>lastName198</lastName>
    <dateOfBirth>11/21/92</dateOfBirth>
    <experience>1</experience>
  </employee>
  <employee>
    <firstName>firstName199</firstName>
    <lastName>lastName199</lastName>
    <dateOfBirth>3/23/93</dateOfBirth>
    <experience>4</experience>
  </employee>
  <employee>
    <firstName>firstName200</firstName>
    <lastName>lastName200</lastName>
    <dateOfBirth>5/27/93</dateOfBirth>
    <experience>1</experience>
  </employee>
</employees>