<?xml version="1.0" encoding="UTF-8"?>
<employees>
    <employee>
        <firstName>firstName1</firstName>
        <lastName>lastName1</lastName>
        <dateOfBirth>Sun Apr 11 00:00:00 IST 1993</dateOfBirth>
        <experience>5.0</experience>
    </employee>
    <employee>
        <firstName>firstName224</firstName>
        <lastName>lastName224</lastName>
        <dateOfBirth>Tue Nov 24 00:00:00 IST 1992</dateOfBirth>
        <experience>3.0</experience>
    </employee>
    <employee>
        <firstName>firstName227</firstName>
        <lastName>lastName227</lastName>
        <dateOfBirth>Mon Jun 28 00:00:00 IST 1993</dateOfBirth>
        <experience>9.0</experience>
    </employee>
    <employee>
        <firstName>firstName230</firstName>
        <lastName>lastName230</lastName>
        <dateOfBirth>Sat Aug 28 00:00:00 IST 1993</dateOfBirth>
        <experience>5.0</experience>
    </employee>
    <employee>
        <firstName>firstName234</firstName>
        <lastName>lastName234</lastName>
        <dateOfBirth>Wed Nov 11 00:00:00 IST 1992</dateOfBirth>
        <experience>9.0</experience>
    </employee>
    <employee>
        <firstName>firstName237</firstName>
        <lastName>lastName237</lastName>
        <dateOfBirth>Sat Aug 21 00:00:00 IST 1993</dateOfBirth>
        <experience>6.0</experience>
    </employee>
    <employee>
        <firstName>firstName240</firstName>
        <lastName>lastName240</lastName>
        <dateOfBirth>Mon May 10 00:00:00 IST 1993</dateOfBirth>
        <experience>1.0</experience>
    </employee>
    <employee>
        <firstName>firstName243</firstName>
        <lastName>lastName243</lastName>
        <dateOfBirth>Mon Apr 19 00:00:00 IST 1993</dateOfBirth>
        <experience>9.0</experience>
    </employee>
    <employee>
        <firstName>firstName245</firstName>
        <lastName>lastName245</lastName>
        <dateOfBirth>Fri Sep 17 00:00:00 IST 1993</dateOfBirth>
        <experience>9.0</experience>
    </employee>
    <employee>
        <firstName>firstName39</firstName>
        <lastName>lastName39</lastName>
        <dateOfBirth>Sat Apr 03 00:00:00 IST 1993</dateOfBirth>
        <experience>10.0</experience>
    </employee>
    <employee>
        <firstName>firstName41</firstName>
        <lastName>lastName41</lastName>
        <dateOfBirth>Mon Nov 02 00:00:00 IST 1992</dateOfBirth>
        <experience>8.0</experience>
    </employee>
    <employee>
        <firstName>firstName43</firstName>
        <lastName>lastName43</lastName>
        <dateOfBirth>Wed Jul 07 00:00:00 IST 1993</dateOfBirth>
        <experience>6.0</experience>
    </employee>
    <employee>
        <firstName>firstName254</firstName>
        <lastName>lastName254</lastName>
        <dateOfBirth>Mon Jun 28 00:00:00 IST 1993</dateOfBirth>
        <experience>4.0</experience>
    </employee>
    <employee>
        <firstName>firstName256</firstName>
        <lastName>lastName256</lastName>
        <dateOfBirth>Wed Mar 10 00:00:00 IST 1993</dateOfBirth>
        <experience>8.0</experience>
    </employee>
    <employee>
        <firstName>firstName258</firstName>
        <lastName>lastName258</lastName>
        <dateOfBirth>Sat Sep 04 00:00:00 IST 1993</dateOfBirth>
        <experience>3.0</experience>
    </employee>
    <employee>
        <firstName>firstName52</firstName>
        <lastName>lastName52</lastName>
        <dateOfBirth>Mon Feb 08 00:00:00 IST 1993</dateOfBirth>
        <experience>7.0</experience>
    </employee>
    <employee>
        <firstName>firstName55</firstName>
        <lastName>lastName55</lastName>
        <dateOfBirth>Sat Aug 07 00:00:00 IST 1993</dateOfBirth>
        <experience>8.0</experience>
    </employee>
    <employee>
        <firstName>firstName57</firstName>
        <lastName>lastName57</lastName>
        <dateOfBirth>Fri Feb 05 00:00:00 IST 1993</dateOfBirth>
        <experience>7.0</experience>
    </employee>
    <employee>
        <firstName>firstName60</firstName>
        <lastName>lastName60</lastName>
        <dateOfBirth>Fri Feb 05 00:00:00 IST 1993</dateOfBirth>
        <experience>10.0</experience>
    </employee>
    <employee>
        <firstName>firstName269</firstName>
        <lastName>lastName269</lastName>
        <dateOfBirth>Tue Jul 06 00:00:00 IST 1993</dateOfBirth>
        <experience>4.0</experience>
    </employee>
    <employee>
        <firstName>firstName271</firstName>
        <lastName>lastName271</lastName>
        <dateOfBirth>Sat Sep 26 00:00:00 IST 1992</dateOfBirth>
        <experience>8.0</experience>
    </employee>
    <employee>
        <firstName>firstName65</firstName>
        <lastName>lastName65</lastName>
        <dateOfBirth>Sun May 09 00:00:00 IST 1993</dateOfBirth>
        <experience>2.0</experience>
    </employee>
    <employee>
        <firstName>firstName276</firstName>
        <lastName>lastName276</lastName>
        <dateOfBirth>Thu Jul 22 00:00:00 IST 1993</dateOfBirth>
        <experience>5.0</experience>
    </employee>
    <employee>
        <firstName>firstName279</firstName>
        <lastName>lastName279</lastName>
        <dateOfBirth>Sun Mar 07 00:00:00 IST 1993</dateOfBirth>
        <experience>9.0</experience>
    </employee>
    <employee>
        <firstName>firstName72</firstName>
        <lastName>lastName72</lastName>
        <dateOfBirth>Tue Sep 22 00:00:00 IST 1992</dateOfBirth>
        <experience>2.0</experience>
    </employee>
    <employee>
        <firstName>firstName74</firstName>
        <lastName>lastName74</lastName>
        <dateOfBirth>Wed Sep 01 00:00:00 IST 1993</dateOfBirth>
        <experience>8.0</experience>
    </employee>
    <employee>
        <firstName>firstName77</firstName>
        <lastName>lastName77</lastName>
        <dateOfBirth>Fri Mar 05 00:00:00 IST 1993</dateOfBirth>
        <experience>4.0</experience>
    </employee>
    <employee>
        <firstName>firstName289</firstName>
        <lastName>lastName289</lastName>
        <dateOfBirth>Tue Nov 17 00:00:00 IST 1992</dateOfBirth>
        <experience>8.0</experience>
    </employee>
    <employee>
        <firstName>firstName80</firstName>
        <lastName>lastName80</lastName>
        <dateOfBirth>Sun Jan 17 00:00:00 IST 1993</dateOfBirth>
        <experience>2.0</experience>
    </employee>
    <employee>
        <firstName>firstName81</firstName>
        <lastName>lastName81</lastName>
        <dateOfBirth>Tue Oct 20 00:00:00 IST 1992</dateOfBirth>
        <experience>1.0</experience>
    </employee>
    <employee>
        <firstName>firstName82</firstName>
        <lastName>lastName82</lastName>
        <dateOfBirth>Tue Aug 10 00:00:00 IST 1993</dateOfBirth>
        <experience>4.0</experience>
    </employee>
    <employee>
        <firstName>firstName295</firstName>
        <lastName>lastName295</lastName>
        <dateOfBirth>Mon Mar 01 00:00:00 IST 1993</dateOfBirth>
        <experience>1.0</experience>
    </employee>
    <employee>
        <firstName>firstName297</firstName>
        <lastName>lastName297</lastName>
        <dateOfBirth>Sat Feb 13 00:00:00 IST 1993</dateOfBirth>
        <experience>5.0</experience>
    </employee>
    <employee>
        <firstName>firstName298</firstName>
        <lastName>lastName298</lastName>
        <dateOfBirth>Thu Oct 29 00:00:00 IST 1992</dateOfBirth>
        <experience>1.0</experience>
    </employee>
    <employee>
        <firstName>firstName299</firstName>
        <lastName>lastName299</lastName>
        <dateOfBirth>Mon May 31 00:00:00 IST 1993</dateOfBirth>
        <experience>1.0</experience>
    </employee>
    <employee>
        <firstName>firstName88</firstName>
        <lastName>lastName88</lastName>
        <dateOfBirth>Sun May 16 00:00:00 IST 1993</dateOfBirth>
        <experience>6.0</experience>
    </employee>
    <employee>
        <firstName>firstName91</firstName>
        <lastName>lastName91</lastName>
        <dateOfBirth>Thu Mar 04 00:00:00 IST 1993</dateOfBirth>
        <experience>10.0</experience>
    </employee>
    <employee>
        <firstName>firstName96</firstName>
        <lastName>lastName96</lastName>
        <dateOfBirth>Wed Aug 04 00:00:00 IST 1993</dateOfBirth>
        <experience>3.0</experience>
    </employee>
    <employee>
        <firstName>firstName104</firstName>
        <lastName>lastName104</lastName>
        <dateOfBirth>Thu Jun 10 00:00:00 IST 1993</dateOfBirth>
        <experience>2.0</experience>
    </employee>
    <employee>
        <firstName>firstName109</firstName>
        <lastName>lastName109</lastName>
        <dateOfBirth>Tue Dec 15 00:00:00 IST 1992</dateOfBirth>
        <experience>2.0</experience>
    </employee>
    <employee>
        <firstName>firstName114</firstName>
        <lastName>lastName114</lastName>
        <dateOfBirth>Mon Mar 22 00:00:00 IST 1993</dateOfBirth>
        <experience>8.0</experience>
    </employee>
    <employee>
        <firstName>firstName121</firstName>
        <lastName>lastName121</lastName>
        <dateOfBirth>Tue Jul 20 00:00:00 IST 1993</dateOfBirth>
        <experience>2.0</experience>
    </employee>
    <employee>
        <firstName>firstName127</firstName>
        <lastName>lastName127</lastName>
        <dateOfBirth>Tue Mar 16 00:00:00 IST 1993</dateOfBirth>
        <experience>7.0</experience>
    </employee>
    <employee>
        <firstName>firstName132</firstName>
        <lastName>lastName132</lastName>
        <dateOfBirth>Mon Oct 19 00:00:00 IST 1992</dateOfBirth>
        <experience>7.0</experience>
    </employee>
    <employee>
        <firstName>firstName137</firstName>
        <lastName>lastName137</lastName>
        <dateOfBirth>Wed Mar 17 00:00:00 IST 1993</dateOfBirth>
        <experience>6.0</experience>
    </employee>
    <employee>
        <firstName>firstName140</firstName>
        <lastName>lastName140</lastName>
        <dateOfBirth>Sat Jun 12 00:00:00 IST 1993</dateOfBirth>
        <experience>7.0</experience>
    </employee>
    <employee>
        <firstName>firstName143</firstName>
        <lastName>lastName143</lastName>
        <dateOfBirth>Tue Jan 26 00:00:00 IST 1993</dateOfBirth>
        <experience>5.0</experience>
    </employee>
    <employee>
        <firstName>firstName147</firstName>
        <lastName>lastName147</lastName>
        <dateOfBirth>Tue Feb 09 00:00:00 IST 1993</dateOfBirth>
        <experience>6.0</experience>
    </employee>
    <employee>
        <firstName>firstName149</firstName>
        <lastName>lastName149</lastName>
        <dateOfBirth>Tue Dec 29 00:00:00 IST 1992</dateOfBirth>
        <experience>8.0</experience>
    </employee>
    <employee>
        <firstName>firstName150</firstName>
        <lastName>lastName150</lastName>
        <dateOfBirth>Fri Dec 25 00:00:00 IST 1992</dateOfBirth>
        <experience>6.0</experience>
    </employee>
    <employee>
        <firstName>firstName151</firstName>
        <lastName>lastName151</lastName>
        <dateOfBirth>Sat Mar 13 00:00:00 IST 1993</dateOfBirth>
        <experience>3.0</experience>
    </employee>
    <employee>
        <firstName>firstName152</firstName>
        <lastName>lastName152</lastName>
        <dateOfBirth>Tue Dec 08 00:00:00 IST 1992</dateOfBirth>
        <experience>4.0</experience>
    </employee>
    <employee>
        <firstName>firstName153</firstName>
        <lastName>lastName153</lastName>
        <dateOfBirth>Fri Jun 25 00:00:00 IST 1993</dateOfBirth>
        <experience>8.0</experience>
    </employee>
    <employee>
        <firstName>firstName154</firstName>
        <lastName>lastName154</lastName>
        <dateOfBirth>Thu Jul 15 00:00:00 IST 1993</dateOfBirth>
        <experience>9.0</experience>
    </employee>
    <employee>
        <firstName>firstName155</firstName>
        <lastName>lastName155</lastName>
        <dateOfBirth>Tue Dec 08 00:00:00 IST 1992</dateOfBirth>
        <experience>9.0</experience>
    </employee>
    <employee>
        <firstName>firstName156</firstName>
        <lastName>lastName156</lastName>
        <dateOfBirth>Fri Feb 19 00:00:00 IST 1993</dateOfBirth>
        <experience>3.0</experience>
    </employee>
    <employee>
        <firstName>firstName157</firstName>
        <lastName>lastName157</lastName>
        <dateOfBirth>Sat Aug 07 00:00:00 IST 1993</dateOfBirth>
        <experience>9.0</experience>
    </employee>
    <employee>
        <firstName>firstName158</firstName>
        <lastName>lastName158</lastName>
        <dateOfBirth>Fri Jan 22 00:00:00 IST 1993</dateOfBirth>
        <experience>6.0</experience>
    </employee>
    <employee>
        <firstName>firstName159</firstName>
        <lastName>lastName159</lastName>
        <dateOfBirth>Fri Mar 19 00:00:00 IST 1993</dateOfBirth>
        <experience>5.0</experience>
    </employee>
    <employee>
        <firstName>firstName160</firstName>
        <lastName>lastName160</lastName>
        <dateOfBirth>Sat Mar 27 00:00:00 IST 1993</dateOfBirth>
        <experience>9.0</experience>
    </employee>
    <employee>
        <firstName>firstName161</firstName>
        <lastName>lastName161</lastName>
        <dateOfBirth>Wed Jan 27 00:00:00 IST 1993</dateOfBirth>
        <experience>4.0</experience>
    </employee>
    <employee>
        <firstName>firstName162</firstName>
        <lastName>lastName162</lastName>
        <dateOfBirth>Mon Nov 09 00:00:00 IST 1992</dateOfBirth>
        <experience>4.0</experience>
    </employee>
    <employee>
        <firstName>firstName163</firstName>
        <lastName>lastName163</lastName>
        <dateOfBirth>Thu Apr 22 00:00:00 IST 1993</dateOfBirth>
        <experience>4.0</experience>
    </employee>
    <employee>
        <firstName>firstName164</firstName>
        <lastName>lastName164</lastName>
        <dateOfBirth>Sat Feb 27 00:00:00 IST 1993</dateOfBirth>
        <experience>10.0</experience>
    </employee>
    <employee>
        <firstName>firstName165</firstName>
        <lastName>lastName165</lastName>
        <dateOfBirth>Thu Jan 28 00:00:00 IST 1993</dateOfBirth>
        <experience>7.0</experience>
    </employee>
    <employee>
        <firstName>firstName166</firstName>
        <lastName>lastName166</lastName>
        <dateOfBirth>Tue Aug 17 00:00:00 IST 1993</dateOfBirth>
        <experience>5.0</experience>
    </employee>
    <employee>
        <firstName>firstName167</firstName>
        <lastName>lastName167</lastName>
        <dateOfBirth>Sat Aug 07 00:00:00 IST 1993</dateOfBirth>
        <experience>2.0</experience>
    </employee>
    <employee>
        <firstName>firstName168</firstName>
        <lastName>lastName168</lastName>
        <dateOfBirth>Tue Dec 15 00:00:00 IST 1992</dateOfBirth>
        <experience>10.0</experience>
    </employee>
    <employee>
        <firstName>firstName169</firstName>
        <lastName>lastName169</lastName>
        <dateOfBirth>Thu Aug 26 00:00:00 IST 1993</dateOfBirth>
        <experience>9.0</experience>
    </employee>
    <employee>
        <firstName>firstName170</firstName>
        <lastName>lastName170</lastName>
        <dateOfBirth>Thu Jan 07 00:00:00 IST 1993</dateOfBirth>
        <experience>6.0</experience>
    </employee>
    <employee>
        <firstName>firstName171</firstName>
        <lastName>lastName171</lastName>
        <dateOfBirth>Sat Sep 26 00:00:00 IST 1992</dateOfBirth>
        <experience>5.0</experience>
    </employee>
    <employee>
        <firstName>firstName172</firstName>
        <lastName>lastName172</lastName>
        <dateOfBirth>Mon Oct 26 00:00:00 IST 1992</dateOfBirth>
        <experience>10.0</experience>
    </employee>
    <employee>
        <firstName>firstName173</firstName>
        <lastName>lastName173</lastName>
        <dateOfBirth>Tue Dec 29 00:00:00 IST 1992</dateOfBirth>
        <experience>6.0</experience>
    </employee>
    <employee>
        <firstName>firstName174</firstName>
        <lastName>lastName174</lastName>
        <dateOfBirth>Sun Jul 11 00:00:00 IST 1993</dateOfBirth>
        <experience>4.0</experience>
    </employee>
    <employee>
        <firstName>firstName175</firstName>
        <lastName>lastName175</lastName>
        <dateOfBirth>Fri Jun 18 00:00:00 IST 1993</dateOfBirth>
        <experience>4.0</experience>
    </employee>
    <employee>
        <firstName>firstName176</firstName>
        <lastName>lastName176</lastName>
        <dateOfBirth>Mon Sep 28 00:00:00 IST 1992</dateOfBirth>
        <experience>9.0</experience>
    </employee>
    <employee>
        <firstName>firstName177</firstName>
        <lastName>lastName177</lastName>
        <dateOfBirth>Fri Jul 23 00:00:00 IST 1993</dateOfBirth>
        <experience>5.0</experience>
    </employee>
    <employee>
        <firstName>firstName178</firstName>
        <lastName>lastName178</lastName>
        <dateOfBirth>Sat Apr 03 00:00:00 IST 1993</dateOfBirth>
        <experience>8.0</experience>
    </employee>
    <employee>
        <firstName>firstName179</firstName>
        <lastName>lastName179</lastName>
        <dateOfBirth>Mon Aug 16 00:00:00 IST 1993</dateOfBirth>
        <experience>3.0</experience>
    </employee>
    <employee>
        <firstName>firstName180</firstName>
        <lastName>lastName180</lastName>
        <dateOfBirth>Wed Dec 16 00:00:00 IST 1992</dateOfBirth>
        <experience>9.0</experience>
    </employee>
    <employee>
        <firstName>firstName181</firstName>
        <lastName>lastName181</lastName>
        <dateOfBirth>Mon Aug 23 00:00:00 IST 1993</dateOfBirth>
        <experience>9.0</experience>
    </employee>
    <employee>
        <firstName>firstName182</firstName>
        <lastName>lastName182</lastName>
        <dateOfBirth>Sun Apr 11 00:00:00 IST 1993</dateOfBirth>
        <experience>2.0</experience>
    </employee>
    <employee>
        <firstName>firstName183</firstName>
        <lastName>lastName183</lastName>
        <dateOfBirth>Wed Dec 16 00:00:00 IST 1992</dateOfBirth>
        <experience>10.0</experience>
    </employee>
    <employee>
        <firstName>firstName184</firstName>
        <lastName>lastName184</lastName>
        <dateOfBirth>Thu Aug 19 00:00:00 IST 1993</dateOfBirth>
        <experience>8.0</experience>
    </employee>
    <employee>
        <firstName>firstName185</firstName>
        <lastName>lastName185</lastName>
        <dateOfBirth>Wed Dec 16 00:00:00 IST 1992</dateOfBirth>
        <experience>3.0</experience>
    </employee>
    <employee>
        <firstName>firstName186</firstName>
        <lastName>lastName186</lastName>
        <dateOfBirth>Sat Feb 27 00:00:00 IST 1993</dateOfBirth>
        <experience>7.0</experience>
    </employee>
    <employee>
        <firstName>firstName187</firstName>
        <lastName>lastName187</lastName>
        <dateOfBirth>Sun Mar 21 00:00:00 IST 1993</dateOfBirth>
        <experience>9.0</experience>
    </employee>
    <employee>
        <firstName>firstName188</firstName>
        <lastName>lastName188</lastName>
        <dateOfBirth>Sun Jul 04 00:00:00 IST 1993</dateOfBirth>
        <experience>9.0</experience>
    </employee>
    <employee>
        <firstName>firstName189</firstName>
        <lastName>lastName189</lastName>
        <dateOfBirth>Wed Nov 04 00:00:00 IST 1992</dateOfBirth>
        <experience>10.0</experience>
    </employee>
    <employee>
        <firstName>firstName190</firstName>
        <lastName>lastName190</lastName>
        <dateOfBirth>Sat Oct 31 00:00:00 IST 1992</dateOfBirth>
        <experience>6.0</experience>
    </employee>
    <employee>
        <firstName>firstName191</firstName>
        <lastName>lastName191</lastName>
        <dateOfBirth>Sat Aug 14 00:00:00 IST 1993</dateOfBirth>
        <experience>5.0</experience>
    </employee>
    <employee>
        <firstName>firstName192</firstName>
        <lastName>lastName192</lastName>
        <dateOfBirth>Sat May 01 00:00:00 IST 1993</dateOfBirth>
        <experience>1.0</experience>
    </employee>
    <employee>
        <firstName>firstName193</firstName>
        <lastName>lastName193</lastName>
        <dateOfBirth>Thu Jul 08 00:00:00 IST 1993</dateOfBirth>
        <experience>9.0</experience>
    </employee>
    <employee>
        <firstName>firstName194</firstName>
        <lastName>lastName194</lastName>
        <dateOfBirth>Mon Apr 19 00:00:00 IST 1993</dateOfBirth>
        <experience>9.0</experience>
    </employee>
    <employee>
        <firstName>firstName195</firstName>
        <lastName>lastName195</lastName>
        <dateOfBirth>Tue Jul 20 00:00:00 IST 1993</dateOfBirth>
        <experience>3.0</experience>
    </employee>
    <employee>
        <firstName>firstName196</firstName>
        <lastName>lastName196</lastName>
        <dateOfBirth>Thu Jan 28 00:00:00 IST 1993</dateOfBirth>
        <experience>8.0</experience>
    </employee>
    <employee>
        <firstName>firstName197</firstName>
        <lastName>lastName197</lastName>
        <dateOfBirth>Tue Dec 29 00:00:00 IST 1992</dateOfBirth>
        <experience>4.0</experience>
    </employee>
    <employee>
        <firstName>firstName198</firstName>
        <lastName>lastName198</lastName>
        <dateOfBirth>Sat Nov 21 00:00:00 IST 1992</dateOfBirth>
        <experience>1.0</experience>
    </employee>
    <employee>
        <firstName>firstName199</firstName>
        <lastName>lastName199</lastName>
        <dateOfBirth>Tue Mar 23 00:00:00 IST 1993</dateOfBirth>
        <experience>4.0</experience>
    </employee>
    <employee>
        <firstName>firstName200</firstName>
        <lastName>lastName200</lastName>
        <dateOfBirth>Thu May 27 00:00:00 IST 1993</dateOfBirth>
        <experience>1.0</experience>
    </employee>
